Product name	Order name	Promotional code	Redeemable URL	Start date	Expire date	Code ID	Order ID	Given to	Available	Redeemed
Café sampler	Fictional order 1	DEMO-0001	https://example.invalid/redeem/DEMO-0001	2026-01-01	2028-12-31	CID-1	OID-1	Sample recipient	true	false
Book bundle	Fictional order 2	DEMO-0002	https://example.invalid/redeem/DEMO-0002	2026-01-01	2028-12-31	CID-2	OID-2	Sample recipient	true	false
Garden kit	Fictional order 3	DEMO-0003	https://example.invalid/redeem/DEMO-0003	2026-01-01	2028-12-31	CID-3	OID-3	Sample recipient	true	false
Music pass	Fictional order 4	DEMO-0004	https://example.invalid/redeem/DEMO-0004	2026-01-01	2028-12-31	CID-4	OID-4	Sample recipient	true	false
Café sampler	Fictional order 5	DEMO-0005	https://example.invalid/redeem/DEMO-0005	2026-01-01	2028-12-31	CID-5	OID-5	Sample recipient	true	false
Book bundle	Fictional order 6	DEMO-0006	https://example.invalid/redeem/DEMO-0006	2026-01-01	2028-12-31	CID-6	OID-6	Sample recipient	true	false
Garden kit	Fictional order 7	DEMO-0007	https://example.invalid/redeem/DEMO-0007	2026-01-01	2028-12-31	CID-7	OID-7	Sample recipient	true	false
Music pass	Fictional order 8	DEMO-0008	https://example.invalid/redeem/DEMO-0008	2026-01-01	2028-12-31	CID-8	OID-8	Sample recipient	true	false
Café sampler	Fictional order 9	DEMO-0009	https://example.invalid/redeem/DEMO-0009	2026-01-01	2028-12-31	CID-9	OID-9	Sample recipient	true	false
Book bundle	Fictional order 10	DEMO-0010	https://example.invalid/redeem/DEMO-0010	2026-01-01	2028-12-31	CID-10	OID-10	Sample recipient	true	false
Garden kit	Fictional order 11	DEMO-0011	https://example.invalid/redeem/DEMO-0011	2026-01-01	2028-12-31	CID-11	OID-11	Sample recipient	true	false
Music pass	Fictional order 12	DEMO-0012	https://example.invalid/redeem/DEMO-0012	2026-01-01	2028-12-31	CID-12	OID-12	Sample recipient	true	false
Café sampler	Fictional order 13	DEMO-0013	https://example.invalid/redeem/DEMO-0013	2026-01-01	2028-12-31	CID-13	OID-13	Sample recipient	true	false
Book bundle	Fictional order 14	DEMO-0014	https://example.invalid/redeem/DEMO-0014	2026-01-01	2028-12-31	CID-14	OID-14	Sample recipient	true	false
Garden kit	Fictional order 15	DEMO-0015	https://example.invalid/redeem/DEMO-0015	2026-01-01	2028-12-31	CID-15	OID-15	Sample recipient	true	false
Music pass	Fictional order 16	DEMO-0016	https://example.invalid/redeem/DEMO-0016	2026-01-01	2028-12-31	CID-16	OID-16	Sample recipient	true	false
Café sampler	Fictional order 17	DEMO-0017	https://example.invalid/redeem/DEMO-0017	2026-01-01	2028-12-31	CID-17	OID-17	Sample recipient	true	false
Book bundle	Fictional order 18	DEMO-0018	https://example.invalid/redeem/DEMO-0018	2026-01-01	2028-12-31	CID-18	OID-18	Sample recipient	true	false
Garden kit	Fictional order 19	DEMO-0019	https://example.invalid/redeem/DEMO-0019	2026-01-01	2028-12-31	CID-19	OID-19	Sample recipient	true	false
Music pass	Fictional order 20	DEMO-0020	https://example.invalid/redeem/DEMO-0020	2026-01-01	2028-12-31	CID-20	OID-20	Sample recipient	true	false
Café sampler	Fictional order 21	DEMO-0021	https://example.invalid/redeem/DEMO-0021	2026-01-01	2028-12-31	CID-21	OID-21	Sample recipient	true	false
Book bundle	Fictional order 22	DEMO-0022	https://example.invalid/redeem/DEMO-0022	2026-01-01	2028-12-31	CID-22	OID-22	Sample recipient	true	false
Garden kit	Fictional order 23	DEMO-0023	https://example.invalid/redeem/DEMO-0023	2026-01-01	2028-12-31	CID-23	OID-23	Sample recipient	true	false
Music pass	Fictional order 24	DEMO-0024	https://example.invalid/redeem/DEMO-0024	2026-01-01	2028-12-31	CID-24	OID-24	Sample recipient	true	false
